piano_id,settimana,data_inizio,data_fine,ora_inizio,ora_fine,prodotto,lotto_droga,estrazioni_pianificate,kg_per_estrazione,kg_pianificati,impianto,caricato_il
2026-W30-26E0211D1607,30,2026-07-23,2026-07-24,12:00-15:00,12:00,FRASSINO,26E0211D1607,8,121.25,970.0,Comber,2026-07-20 09:49:23
2026-W30-26E0212D1607,30,2026-07-22,2026-07-23,23:00-02:00,11:00,CURCUMA RIZOMA,26E0212D1607,12,166.0,2000.0,Comber,2026-07-20 09:49:23
2026-W30-26E0215D1607,30,2026-07-20,2026-07-21,19:00-22:00,22:00,CAMOMILLA FIORI,26E0215D1607,10,100.0,1000.0,Comber,2026-07-20 09:49:23
2026-W30-26E0218D1607,30,2026-07-20,2026-07-20,06:00-09:00,18:00,ANICE STELLATO,26E0218D1607,4,125.0,500.0,Comber,2026-07-20 09:49:23
2026-W31-26E0209D1607,31,2026-07-27,2026-07-28,06:00-10:00,22:00,PAPAVERO PETALI,26E0209D1607,10,75.0,750.0,Comber,2026-07-28 09:53:37
2026-W31-in arrivo,31,2026-07-29,2026-07-30,23:00-02:00,11:00,FIENO GRECO,in arrivo,12,125.0,1500.0,Comber,2026-07-28 09:53:37
2026-W35-25E0174D0505,35,2026-08-24,2026-08-26,06:00-10:00,06:00,Marrubio bianco,25E0174D0505,12,129.16000000000005,1550.0,Comber,2026-08-25 07:38:19
2026-W35-26E0217D1607,35,2026-08-28,2026-08-28,07:00-10:00,22:00,Rafano nero radice,26E0217D1607,5,3.0,591.3,Comber,2026-08-25 07:38:19
2026-W35-26E0224D2307L,35,2026-08-27,2026-08-28,14:00-18:00,06:00,Peduncoli di ciliegia,26E0224D2307L,4,100.0,400.0,Comber,2026-08-25 07:38:19
2026-W35-26E0227D2907,35,2026-08-26,2026-08-27,07:00-10:00,13:00,Fieno Greco,26E0227D2907,10,200.0,2000.0,Comber,2026-08-25 07:38:19
2026-W36-25E0228D0606,36,2026-09-03,2026-09-04,16:30-20:00,03:00,Tiglio,25E0228D0606,3,100.0,300.0,Comber,2026-08-31 06:47:30
2026-W36-26E0181D1506T,36,2026-09-01,2026-09-03,15:30-19:30,15:30,Melissa foglie,26E0181D1506T,12,125.0,1500.0,Comber,2026-08-31 06:47:30
2026-W36-26E0228D2907,36,2026-08-31,2026-09-01,06:00-10:30,14:30,Orthosiphon sommità,26E0228D2907,8,125.0,1000.0,Comber,2026-08-31 06:47:30
2026-W37-26E0114D0204T,37,2026-09-09,2026-09-10,22:30-02:30,22:30,MELILOTO,26E0114D0204T,6,110.0,660.0,Comber,2026-09-04 13:01:44
2026-W37-26E0182D1606,37,2026-09-07,2026-09-08,06:00-10:30,14:30,TIMO,26E0182D1606,8,121.25,970.0,Comber,2026-09-04 13:01:44
2026-W37-26E0240D0409,37,2026-09-08,2026-09-09,15:30-18:30,21:30,FINOCCHIO,26E0240D0409,10,199.1,1991.0,Comber,2026-09-04 13:01:44
2026-W38-ALTEA-3,38,2026-09-16,2026-09-17,15:00-18:30,12:00,ALTEA,26E0256D1109,6,126.67,760.0,Comber,2026-09-14 08:30:51
2026-W38-EQUISETO-1,38,2026-09-14,2026-09-14,06:00-10:30,24:00,EQUISETO,26E0255D1109,4,125.0,504.0,Comber,2026-09-14 08:30:51
2026-W38-HARPAGO-4,38,2026-09-17,2026-09-18,13:00-17:30,01:00,HARPAGO,in arrivo,8,125.0,1000.0,Comber,2026-09-14 08:30:51
2026-W38-PASSIFLORA_FOGLIA-2,38,2026-09-15,2026-09-16,01:00-05:00,14:00,PASSIFLORA Foglia,25E0407D2111,9,127.2,1145.0,Comber,2026-09-14 08:30:51
2026-W39-CICORIA_RADICE-2,39,2026-09-21,2026-09-22,20:30-24:00,17:30,CICORIA RADICE,22E0164D2302,6,125.0,750.0,Comber,2026-09-21 07:13:57
2026-W39-HARPAGO-1,39,2026-09-21,2026-09-21,06:00-10:30,19:30,HARPAGO,26E0259D1609,3,125.0,375.0,Comber,2026-09-21 07:13:57
2026-W39-MALVA-3,39,2026-09-22,2026-09-25,18:30-22:30,08:30,MALVA,in arrivo,16,125.0,2000.0,Comber,2026-09-21 07:13:57
2026-W40-EQUISETO-2,40,2026-09-29,2026-10-01,19:00-23:30,07:00,EQUISETO,26E0255D1109,8,125.0,1000.0,Comber,2026-09-28 08:51:37
2026-W40-MALVA-1,40,2026-09-28,2026-09-29,06:00-10:00,18:00,MALVA,26E0266D2209,9,131.25,1181.25,Comber,2026-09-28 08:51:37
2026-W40-MELISSA-3,40,2026-10-01,2026-10-02,08:00-12:00,24:00,MELISSA,26E0181D1506T,10,125.0,1250.0,Comber,2026-09-28 08:51:37
