materia_prima,yield_pct
MELA ANNURCA FRUTTO,4
MELA ANNURCA FRUTTO FRESCO da filiera certificata,4
Melissa foglie,18
ROSMARINO,16
Ribes foglie t.t.,13
Altea radice t.t.,8
ORTHOSIPHON SOMMITA',10
Fieno greco seme taglio estrazione,5
Guaranà seme t.t.,12
Pilosella erba t.t.,9
Tarassaco foglie t.t.,15
CANNELLA REGINA CONTUSA,4
CARVI - KUMMEL SEMI,7
Cola noci T.T,8
MARRUBIO bianco erba tagliata,10
Muira puama legno scaglie,3
EQUISETO ERBA,15
GRINDELIA erba da Filiera Certificata 5,13
Spirea Ulmaria,9
VERGA D'ORO(SOLIDAGO) PIANTA T.T.,9
Ibisco (Karkadè) fiori t.t.,30
TIMO VOLGARE FOGLIE,18
EDERA FOGLIA,12
Echinacea Purpurea p.a,8
AGNOCASTO FRUTTO T.T.,7
ORTHOSIPHON foglie tagliate,21
"Melissa foglie, Melissa foglia locale",17
"TIMO VOLGARE FOGLIE, Timo foglia bio da filiera, Timo foglie locale, Timo foglie locale",16
"PASSIFLORA Foglia, PASSIFLORA Foglia, PASSIFLORA Foglia, PASSIFLORA Foglia, Passiflora foglia locale bio, Passiflora foglia locale bio",15
PASSIFLORA Foglia,14
Elicriso,9
ULMARIA (SPIREA) SOMMITA',6
MELISSA FOGLIE BIO,19
Organic Mate leaf,26
"Spirea Ulmaria, SPIREA ULMARIA erba da Filiera Certific ISO 22005",9
CORIANDOLO SEME,4
LUPPOLO FIORI CONTUSI (STROBILI),12
BETULLA foglie,13
ORTICA foglia da Filiera Certificata ISO 22005,11
"Erisimo ERBA TAGLIATA, Erisimo ERBA TAGLIATA",7
"Malva fiori e foglie t.t, Malva fiori e foglie t.t, MALVA foglia da Filiera Certificata ISO 22005",13
Bardana radice t.t. taglio estrazione,23
BROCCOLI DA FILIERA,2
"SALVIAOFFICINALIS, SALVIAOFFICINALIS, SALVIA FOGLIA DA FILIERA CERTIFICATA ISO 22005, SALVIA FOGLIA DA FILIERA CERTIFICATA ISO 22005, SALVIA FOGLIE LOCALE",9
"TIMO Sommità da Filiera Certificata ISO 22005, TIMO VOLGARE FOGLIE, TIMO locale, TIMO sommità locale",7
Matè foglia t.t.,22
Tiglio fiori e foglie t.t.,7
FINOCCHIO DOLCE SEMI (frutti),8
"ORTICA foglia da Filiera Certificata ISO 22005, ORTICA foglia da Filiera Certificata ISO 22005, ORTICA foglia da Filiera Certificata ISO 22005",11
Eucalipto foglie t.t. taglio estrazione,18
LICHENE ISLANDICO TAGLIATO,2
LIQUIRIZIA RADICE,17
"China corteccia t.t, China corteccia t.t, China corteccia t.t",6
Frassino,21
AVENA FRUTTI T.T,12
Zucca di semi (cucurbita maxima),4
"Ribes foglie t.t., Ribes foglie t.t.",6
CASCARA sagrada Corteccia,17
Anice VOLGARE SEMI (FRUTTI),14
Tarassaco radice t.t.,24
Finocchio,9
DROSERA ERBA,3
Boldo F.,14
Pompelmo semi contusi,9
MELILOTO SOMMITA',10
VERBENA OFFICINALE ERBA,9
Melissa foglia locale,12
Cicoria radice,28
"SALVIA FOGLIE LOCALE, SALVIA FOGLIE LOCALE, SALVIA FOGLIE LOCALE, SALVIA foglia locale, SALVIA foglia locale",16
ESCOLZIA ERBA DA FILIERA CERTIFICATA,13
"Piantaggine lanceolata foglie tagl., Piantaggine erba con fiori locale",11
"Matè foglia t.t., Matè foglia t.t.",25
SENNA FOGLIA,22
"Grindelia erba bio, Grindelia erba bio, GRINDELIA erba da Filiera Certificata 5",11
Meliloto,11
"Malva foglie e fiori BIO, MALVA foglia da Filiera Certificata ISO 22005",13
"SENNA FOGLIA, SENNA FOGLIA",23
CAMOMILLA FIORI,9
"SALVIAOFFICINALIS, SALVIA FOGLIA DA FILIERA CERTIFICATA ISO 22005, SALVIA FOGLIA DA FILIERA CERTIFICATA ISO 22005, SALVIA foglia locale, SALVIA foglia locale",15
CORIANDOLO frutto da Filiera Certificat ISO 22005,9
ROSMARINO BIO,2
Sambuco fiori interi t.t.,12
CURCUMA RIZOMA DA DROGA ESAUSTA,3
"TANACETO erba da Filiera Certificata ISO 22005, TANACETO PIANTA DA FILIERA",8
"ECHINACEA purpurea p.a da Filiera Certi, ECHINACEA purpurea p.a da Filiera Certi, ECHINACEA purpurea rad da Filiera Certi",8
"MALVA foglia locale, MALVA foglia locale, MALVA foglia locale",13
"ROSA CANINA, ROSA CANINA LOCALE, ROSA CANINA LOCALE",32
"ORTHOSIPHON SOMMITA', ORTHOSIPHON SOMMITA'",3
MELILOTO sommità da Filiera Certificata ISO 22005,12
CUMINO (CARVI) DI MALTA SEMI INTERI,11
MELISSA foglie locale,13
ORTICA foglia locale,10
Trifoglio Rosso,12
"ORTICA foglia locale, ORTICA, ORTICA",4
Eufrasia sommità fiorita taglio estrazione,14
"GRINDELIA erba da Filiera Certificata 5, GRINDELIA erba da Filiera Certificata 5, GRINDELIA erba da Filiera Certificata 5",11
"MELISSA PIANTA DA FILIERA, MELISSA foglie locale",17
Asparago radice tagliata,4
ANICE STELLATO FRUTTI TAGLIATI,9
Pilosella foglie t.t,12
"CAMOMILLA FIORI, CAMOMILLA MATRECARIA fiore da Filiera ISO 22005",12
Ortica radice t.t.,11
Piantaggine lanceolata foglie tagl.,9
Galega erba tagliata estrazione,12
Piantaggine lanceolata foglie t.t.,15
"ROSMARINO FOGLIE INTERE, ROSMARINO (rosmarinus officinalis)",4
"Guaranà seme t.t., Guaranà seme t.t.",13
Desmodio foglia taglio estrazione estrazione,7
"THE' VERDE ""gunpowder""",6
"ORTICA foglia da Filiera Certificata ISO 22005, ORTICA foglia da Filiera Certificata ISO 22005",2
CARCIOFO FOGLIE LOCALE,13
"Rosmarino foglia locale bio, ROSMARINO (rosmarinus officinalis)",11
Rosmarino sommità con fiori bio filiera,11
Tamarindo frutto,13
BROCCOLO,3
PAPAVERO PETALI,8
Ononide radice pulita taglio estrazione,3
Crisantello americano erba tagliata,15
Melanzana rossa lunga da filiera,2
TIMO BIO locale,9
"Griffonia seme t.t., Griffonia seme t.t.",29
Alchemilla volgare erba tagliata,10
"MORINGA DA DROGA ESAUSTA, MORINGA FOGLIE DA FILIERA, MORINGA FOGLIE DA FILIERA, MORINGA FOGLIE DA FILIERA, MORINGA (MORINGA OLEIFERA), MORINGA (MORINGA OLEIFERA)",16
BACCHE DI GOJI,9
MELISSA FOGLIE DA Filiera certificata,17
Borsa del Pastore parte aerea taglio estrazione,17
